"Bin","BinRA","TopTaxonID","TopTaxonRAinBin","TopTaxon.Domain","TopTaxon.Kingdom","TopTaxon.Phylum","TopTaxon.Class","TopTaxon.Order","TopTaxon.Family","TopTaxon.Genus","TopTaxon.Species","Domain.maxNamed","Domain.maxNamed.Percent","Kingdom.maxNamed","Kingdom.maxNamed.Percent","Phylum.maxNamed","Phylum.maxNamed.Percent","Class.maxNamed","Class.maxNamed.Percent","Order.maxNamed","Order.maxNamed.Percent","Family.maxNamed","Family.maxNamed.Percent","Genus.maxNamed","Genus.maxNamed.Percent","Species.maxNamed","Species.maxNamed.Percent"
"Bin1",0.00311255790885172,"OTU4014",0.610008564973265,"Eukaryota","Amoebozoa","Gracilipodida","norank_p__Gracilipodida","norank_p__Gracilipodida","norank_p__Gracilipodida","norank_p__Gracilipodida","Flamella_pleistocenica","Eukaryota",1,"Amoebozoa",0.733771221470792,"Gracilipodida",0.659059414833645,"norank_p__Gracilipodida",0.659059414833645,"norank_p__Gracilipodida",0.659059414833645,"norank_p__Gracilipodida",0.659059414833645,"norank_p__Gracilipodida",0.610008564973266,"Flamella_pleistocenica",0.610008564973266
"Bin2",0.0287533488769842,"OTU2430",0.571254702698393,"Eukaryota","norank_d__Eukaryota","SAR_d__Eukaryota","unclassified_p__SAR_d__Eukaryota","unclassified_p__SAR_d__Eukaryota","unclassified_p__SAR_d__Eukaryota","unclassified_p__SAR_d__Eukaryota","unclassified_p__SAR_d__Eukaryota","Eukaryota",1,"norank_d__Eukaryota",0.787250749946178,"SAR_d__Eukaryota",0.786268829384269,"norank_p__SAR_d__Eukaryota",0.202969805793265,"norank_p__SAR_d__Eukaryota",0.202969805793265,"norank_p__SAR_d__Eukaryota",0.202969805793265,"norank_p__SAR_d__Eukaryota",0.202969805793265,"uncultured_marine_picoeukaryote_p__SAR_d__Eukaryota",0.202911010844867
"Bin3",0.00127062988567744,"OTU3908",0.279309415381509,"Eukaryota","norank_d__Eukaryota","SAR_d__Eukaryota","unclassified_p__SAR_d__Eukaryota","unclassified_p__SAR_d__Eukaryota","unclassified_p__SAR_d__Eukaryota","unclassified_p__SAR_d__Eukaryota","unclassified_p__SAR_d__Eukaryota","Eukaryota",1,"norank_d__Eukaryota",0.620479218596954,"SAR_d__Eukaryota",0.618938198604124,"Rhabditophora",0.270616811326621,"Macrostomida",0.270616811326621,"norank_o__Macrostomida",0.270616811326621,"norank_o__Macrostomida",0.270616811326621,"metagenome_g__Vannella",0.00927136432405871
"Bin4",0.00127679878734809,"OTU774",0.250720052504748,"Eukaryota","unclassified_d__Eukaryota","unclassified_d__Eukaryota","unclassified_d__Eukaryota","unclassified_d__Eukaryota","unclassified_d__Eukaryota","unclassified_d__Eukaryota","unclassified_d__Eukaryota","Eukaryota",1,"Cryptophyceae",0.28870712755951,"norank_k__Cryptophyceae",0.28870712755951,"norank_k__Cryptophyceae",0.28870712755951,"norank_k__Cryptophyceae",0.281473293614767,"norank_k__Cryptophyceae",0.281473293614767,"Goniomonas",0.281473293614767,"Goniomonas_truncata",0.239672771385738
"Bin5",0.00322813257628049,"OTU951",0.315573952924288,"Eukaryota","unclassified_d__Eukaryota","unclassified_d__Eukaryota","unclassified_d__Eukaryota","unclassified_d__Eukaryota","unclassified_d__Eukaryota","unclassified_d__Eukaryota","unclassified_d__Eukaryota","Eukaryota",1,"norank_d__Eukaryota",0.523880863313406,"SAR_d__Eukaryota",0.523880863313406,"norank_p__SAR_d__Eukaryota",0.245553147092896,"norank_p__SAR_d__Eukaryota",0.245553147092896,"norank_p__SAR_d__Eukaryota",0.245553147092896,"norank_c__Novel_Clade_10",0.226574852663084,"uncultured_freshwater_eukaryote_g__Bolidomonas",0.216428618498256
"Bin6",0.0007489177306172,"OTU3859",0.383453220935472,"Eukaryota","norank_d__Eukaryota","SAR_d__Eukaryota","Intramacronucleata","Litostomatea","Mesodiniidae","norank_f__Mesodiniidae","unclassified_g__norank_f__Mesodiniidae","Eukaryota",1,"norank_d__Eukaryota",0.450402303070042,"SAR_d__Eukaryota",0.400189592048749,"Intramacronucleata",0.400189592048749,"Litostomatea",0.400189592048749,"Mesodiniidae",0.400189592048749,"norank_f__Mesodiniidae",0.400189592048749,"Paratrimastix_pyriformis_ATCC50562",0.0284175103566129
"Bin7",0.00388970521518305,"OTU3888",0.289352650171171,"Eukaryota","norank_d__Eukaryota","SAR_d__Eukaryota","unclassified_p__SAR_d__Eukaryota","unclassified_p__SAR_d__Eukaryota","unclassified_p__SAR_d__Eukaryota","unclassified_p__SAR_d__Eukaryota","unclassified_p__SAR_d__Eukaryota","Eukaryota",1,"norank_d__Eukaryota",0.987630991322535,"SAR_d__Eukaryota",0.987630991322535,"Chrysophyceae",0.381846084076194,"norank_c__Chrysophyceae",0.0838948109709302,"norank_c__Chrysophyceae",0.0838948109709302,"norank_c__Chrysophyceae",0.0838948109709302,"uncultured_marine_picoeukaryote_c__Chrysophyceae",0.0836032732894244
"Bin8",0.0709131271871865,"OTU797",0.375153520426017,"Eukaryota","norank_d__Eukaryota","SAR_d__Eukaryota","Chrysophyceae","Ochromonadales","norank_o__Ochromonadales","Dinobryon","unclassified_g__Dinobryon","Eukaryota",1,"norank_d__Eukaryota",0.999934330492833,"SAR_d__Eukaryota",0.999917874620099,"Chrysophyceae",0.939308000207835,"Ochromonadales",0.502605320014615,"norank_o__Ochromonadales",0.502605320014615,"Dinobryon",0.375891856420705,"Spumella-like_flagellate_JBC07",0.133298601945554
"Bin9",0.00516345626300815,"OTU3904",0.472534982425446,"Eukaryota","norank_d__Eukaryota","SAR_d__Eukaryota","norank_p__SAR_d__Eukaryota","Hyphochytriales","norank_o__Hyphochytriales","norank_o__Hyphochytriales","unclassified_g__norank_o__Hyphochytriales","Eukaryota",1,"norank_d__Eukaryota",0.995226221155213,"SAR_d__Eukaryota",0.995226221155213,"norank_p__SAR_d__Eukaryota",0.496669162410703,"Hyphochytriales",0.494528176936703,"norank_o__Hyphochytriales",0.494528176936703,"norank_o__Hyphochytriales",0.475272487714716,"Vischeria_helvetica",0.0107584204293712
"Bin10",0.00582028187707464,"OTU3866",0.516541605414226,"Eukaryota","norank_d__Eukaryota","SAR_d__Eukaryota","unclassified_p__SAR_d__Eukaryota","unclassified_p__SAR_d__Eukaryota","unclassified_p__SAR_d__Eukaryota","unclassified_p__SAR_d__Eukaryota","unclassified_p__SAR_d__Eukaryota","Eukaryota",1,"norank_d__Eukaryota",0.997473229483818,"SAR_d__Eukaryota",0.997473229483818,"norank_p__SAR_d__Eukaryota",0.465904823735889,"norank_p__SAR_d__Eukaryota",0.465904823735889,"norank_p__SAR_d__Eukaryota",0.465904823735889,"Haptoglossa",0.17774531725343,"Haptoglossa_sp._SL20",0.177545421283959
"Bin11",0.00191992821625857,"OTU2017",0.198598450120244,"Eukaryota","norank_d__Eukaryota","SAR_d__Eukaryota","Conoidasida","Gregarinasina","unclassified_o__Gregarinasina","unclassified_o__Gregarinasina","unclassified_o__Gregarinasina","Eukaryota",1,"norank_d__Eukaryota",0.991934720952801,"SAR_d__Eukaryota",0.991934720952801,"Conoidasida",0.983045106160234,"Gregarinasina",0.978799395575195,"Neogregarinorida",0.455748183043251,"Mattesia",0.31816018824951,"Mattesia_sp._SV-2003",0.187913734451021
"Bin12",0.00302617495516556,"OTU752",0.243422029505762,"Eukaryota","norank_d__Eukaryota","SAR_d__Eukaryota","Conoidasida","Gregarinasina","Eugregarinorida","unclassified_f__Eugregarinorida","unclassified_f__Eugregarinorida","Eukaryota",1,"norank_d__Eukaryota",0.998602252494239,"SAR_d__Eukaryota",0.995844154393128,"Conoidasida",0.994100374082549,"Gregarinasina",0.994100374082549,"Eugregarinorida",0.994100374082549,"norank_f__Eugregarinorida",0.243604241729111,"Syncystis_mirabilis",0.0553275942370295
"Bin13",0.00200207970997989,"OTU3170",0.313368975654719,"Eukaryota","norank_d__Eukaryota","SAR_d__Eukaryota","Conoidasida","Gregarinasina","Eugregarinorida","norank_f__Eugregarinorida","uncultured_alveolate_f__Eugregarinorida","Eukaryota",1,"norank_d__Eukaryota",1,"SAR_d__Eukaryota",1,"Conoidasida",1,"Gregarinasina",1,"Eugregarinorida",1,"norank_f__Eugregarinorida",0.540374322862039,"uncultured_alveolate_f__Eugregarinorida",0.331844594297652
"Bin14",0.00116929186824839,"OTU757",0.182142514124173,"Eukaryota","norank_d__Eukaryota","SAR_d__Eukaryota","Conoidasida","Gregarinasina","Eugregarinorida","Gregarina","Heterocapsaceae_environmental_sample","Eukaryota",1,"norank_d__Eukaryota",0.9471437509478,"SAR_d__Eukaryota",0.946287182528149,"Conoidasida",0.936114831707795,"Gregarinasina",0.936114831707795,"Eugregarinorida",0.936114831707795,"Gregarina",0.505561644681458,"Heterocapsaceae_environmental_sample",0.453241174023235
"Bin15",0.0265872561064405,"OTU785",0.448742207342144,"Eukaryota","norank_d__Eukaryota","SAR_d__Eukaryota","Intramacronucleata","Spirotrichea","Choreotrichia","Tintinnidium","unclassified_g__Tintinnidium","Eukaryota",1,"norank_d__Eukaryota",0.999829421186515,"SAR_d__Eukaryota",0.999785972954688,"Intramacronucleata",0.999565922319371,"Spirotrichea",0.589493975962963,"Choreotrichia",0.455863145855142,"Tintinnidium",0.451254589710511,"metagenome_g__Strombidium",0.0840312577248736
"Bin16",0.0228977868773542,"OTU699",0.476328090775696,"Eukaryota","norank_d__Eukaryota","SAR_d__Eukaryota","Intramacronucleata","Spirotrichea","Choreotrichia","unclassified_f__Choreotrichia","unclassified_f__Choreotrichia","Eukaryota",1,"norank_d__Eukaryota",1,"SAR_d__Eukaryota",1,"Intramacronucleata",0.999818105642075,"Spirotrichea",0.999492340923063,"Choreotrichia",0.995662159737428,"norank_f__Choreotrichia",0.519334068961732,"uncultured_eukaryote_f__Choreotrichia",0.232085210848481
"Bin17",0.00810837789499057,"OTU742",0.665831716193956,"Eukaryota","norank_d__Eukaryota","SAR_d__Eukaryota","Intramacronucleata","Spirotrichea","Hypotrichia","Halteria","uncultured_alveolate_g__Halteria","Eukaryota",1,"norank_d__Eukaryota",0.999824276785082,"SAR_d__Eukaryota",0.999824276785082,"Intramacronucleata",0.999824276785082,"Spirotrichea",0.999824276785082,"Hypotrichia",0.999824276785082,"Halteria",0.829082726269086,"uncultured_alveolate_g__Halteria",0.813572519948218
"Bin18",0.00398990750347872,"OTU401",0.349404061214005,"Eukaryota","norank_d__Eukaryota","SAR_d__Eukaryota","Intramacronucleata","Conthreep","Oligohymenophorea","Stokesia","Stokesia_vernalis","Eukaryota",1,"norank_d__Eukaryota",0.998800161826533,"SAR_d__Eukaryota",0.990478318172444,"Intramacronucleata",0.981251880187978,"Conthreep",0.502976723081915,"Oligohymenophorea",0.432742415567653,"Stokesia",0.357580699957559,"Stokesia_vernalis",0.350795980763413
"Bin19",0.00422780498493285,"OTU586",0.303964140044931,"Eukaryota","norank_d__Eukaryota","SAR_d__Eukaryota","unclassified_p__SAR_d__Eukaryota","unclassified_p__SAR_d__Eukaryota","unclassified_p__SAR_d__Eukaryota","unclassified_p__SAR_d__Eukaryota","unclassified_p__SAR_d__Eukaryota","Eukaryota",1,"norank_d__Eukaryota",0.999067033400129,"SAR_d__Eukaryota",0.999067033400129,"Intramacronucleata",0.577028957540282,"Conthreep",0.577028957540282,"Prostomatea",0.444600336014233,"Cryptocaryon",0.34456627163209,"metagenome_g__Cryptocaryon",0.171418098485795
"Bin20",0.000643057196852377,"OTU594",0.321315937166734,"Eukaryota","norank_d__Eukaryota","SAR_d__Eukaryota","Intramacronucleata","Conthreep","Phyllopharyngea","Chilodonella","Chilodonella_uncinata","Eukaryota",1,"norank_d__Eukaryota",0.942861791095084,"SAR_d__Eukaryota",0.939252532355466,"Intramacronucleata",0.588922128658905,"Conthreep",0.567008589773556,"Phyllopharyngea",0.360359309038349,"Chilodonella",0.321315937166734,"Chilodonella_uncinata",0.321315937166734
"Bin21",0.0262140225063207,"OTU779",0.286248333101844,"Eukaryota","norank_d__Eukaryota","SAR_d__Eukaryota","Dinophyceae","Peridiniales","norank_o__Peridiniales","Peridiniopsis","Unruhdinium_jiulongense","Eukaryota",1,"norank_d__Eukaryota",0.99889039385116,"SAR_d__Eukaryota",0.998737969600785,"Dinophyceae",0.967479654979603,"Peridiniales",0.287202786842547,"norank_o__Peridiniales",0.287202786842547,"Peridiniopsis",0.287202786842547,"Unruhdinium_jiulongense",0.286248333101844
"Bin22",0.000450856893216051,"OTU1915",0.325232935984438,"Eukaryota","norank_d__Eukaryota","SAR_d__Eukaryota","unclassified_p__SAR_d__Eukaryota","unclassified_p__SAR_d__Eukaryota","unclassified_p__SAR_d__Eukaryota","unclassified_p__SAR_d__Eukaryota","unclassified_p__SAR_d__Eukaryota","Eukaryota",1,"norank_d__Eukaryota",0.978602531446825,"SAR_d__Eukaryota",0.978602531446825,"Conoidasida",0.0654239754908162,"Cryptosporida",0.0491056973706728,"norank_o__Cryptosporida",0.0491056973706728,"Cryptosporidium",0.0491056973706728,"Colpodella_angusta",0.0356167538640307
"Bin23",0.000751841400933132,"OTU1147",0.195699689342704,"Eukaryota","norank_d__Eukaryota","SAR_d__Eukaryota","unclassified_p__SAR_d__Eukaryota","unclassified_p__SAR_d__Eukaryota","unclassified_p__SAR_d__Eukaryota","unclassified_p__SAR_d__Eukaryota","unclassified_p__SAR_d__Eukaryota","Eukaryota",1,"norank_d__Eukaryota",0.998965885483995,"SAR_d__Eukaryota",0.998965885483995,"Intramacronucleata",0.00132087971007702,"Litostomatea",0.00132087971007702,"Haptoria",0.00132087971007702,"unclassified_p__SAR_d__Eukaryota",0.997645005773918,"unclassified_p__SAR_d__Eukaryota",0.997645005773918
"Bin24",0.0131318401137726,"OTU936",0.393084692076863,"Eukaryota","norank_d__Eukaryota","SAR_d__Eukaryota","unclassified_p__SAR_d__Eukaryota","unclassified_p__SAR_d__Eukaryota","unclassified_p__SAR_d__Eukaryota","unclassified_p__SAR_d__Eukaryota","unclassified_p__SAR_d__Eukaryota","Eukaryota",1,"norank_d__Eukaryota",0.976811668473041,"SAR_d__Eukaryota",0.976648876299853,"Colpodellida",0.386593190254197,"norank_c__Colpodellida",0.386593190254197,"norank_c__Colpodellida",0.386593190254197,"Colpodella",0.386593190254197,"Colpodella_edax",0.386172827411799
"Bin25",0.00226667641620724,"OTU4043",0.652003801925844,"Eukaryota","unclassified_d__Eukaryota","unclassified_d__Eukaryota","unclassified_d__Eukaryota","unclassified_d__Eukaryota","unclassified_d__Eukaryota","unclassified_d__Eukaryota","unclassified_d__Eukaryota","Eukaryota",1,"norank_d__Eukaryota",0.233748089995742,"SAR_d__Eukaryota",0.233458705626955,"Intramacronucleata",0.0149534989646116,"Conthreep",0.0149534989646116,"Oligohymenophorea",0.0149534989646116,"Paramecium",0.0149534989646116,"Paramecium_tetraurelia",0.00749261392174417
"Bin26",0.00702215653825953,"OTU3927",0.531574064477049,"Eukaryota","norank_d__Eukaryota","norank_d__Eukaryota","norank_d__Eukaryota","norank_d__Eukaryota","norank_d__Eukaryota","norank_d__Eukaryota","uncultured_Telonema","Eukaryota",1,"norank_d__Eukaryota",0.697320378916699,"norank_d__Eukaryota",0.532304712418721,"norank_d__Eukaryota",0.532304712418721,"norank_d__Eukaryota",0.532304712418721,"norank_d__Eukaryota",0.532304712418721,"norank_d__Eukaryota",0.532304712418721,"uncultured_Telonema",0.532304712418721
"Bin27",0.00308922874912819,"OTU3597",0.621559871219741,"Eukaryota","norank_d__Eukaryota","SAR_d__Eukaryota","Bacillariophyceae","norank_c__Bacillariophyceae","norank_c__Bacillariophyceae","Sellaphora","Eolimna_minima","Eukaryota",1,"norank_d__Eukaryota",1,"SAR_d__Eukaryota",1,"Bacillariophyceae",0.938108555373575,"norank_c__Bacillariophyceae",0.938108555373575,"norank_c__Bacillariophyceae",0.938108555373575,"Sellaphora",0.632391838958317,"Eolimna_minima",0.622916804667523
"Bin28",0.14250149316125,"OTU767",0.84754774542245,"Eukaryota","norank_d__Eukaryota","SAR_d__Eukaryota","norank_p__SAR_d__Eukaryota","norank_p__SAR_d__Eukaryota","Melosirids","Aulacoseira","unclassified_g__Aulacoseira","Eukaryota",1,"norank_d__Eukaryota",0.992634102793808,"SAR_d__Eukaryota",0.990752647149683,"norank_p__SAR_d__Eukaryota",0.853218789932023,"norank_p__SAR_d__Eukaryota",0.851447613747018,"Melosirids",0.851447613747018,"Aulacoseira",0.849030821424369,"Discostella_sp._HYK0210-A2",0.0555265692376259
"Bin29",0.00116770710988985,"OTU2256",0.400018841883885,"Eukaryota","Amoebozoa","Centrohelida","norank_p__Centrohelida","norank_p__Centrohelida","unclassified_o__norank_p__Centrohelida","unclassified_o__norank_p__Centrohelida","unclassified_o__norank_p__Centrohelida","Eukaryota",1,"Amoebozoa",0.528853962083949,"Centrohelida",0.488982047219815,"norank_p__Centrohelida",0.488982047219815,"norank_p__Centrohelida",0.488982047219815,"Heterophryidae",0.0562146329983291,"norank_f__Heterophryidae",0.0562146329983291,"metagenome_f__Heterophryidae",0.0562146329983291
"Bin30",0.0022582497307374,"OTU2420",0.318239254017635,"Eukaryota","norank_d__Eukaryota","SAR_d__Eukaryota","MAST-12C","norank_c__MAST-12C","norank_c__MAST-12C","norank_c__MAST-12C","unclassified_g__norank_c__MAST-12C","Eukaryota",1,"norank_d__Eukaryota",0.694856360741473,"SAR_d__Eukaryota",0.621058154712306,"MAST-12C",0.592021399404754,"norank_c__MAST-12C",0.592021399404754,"norank_c__MAST-12C",0.592021399404754,"norank_c__MAST-12C",0.592021399404754,"Stramenopile_sp._MAST-12_KKTS_E5",0.0121982193922945
"Bin31",0.022938194989768,"OTU615",0.402718103281252,"Eukaryota","Chloroplastida","norank_k__Chloroplastida","unclassified_p__norank_k__Chloroplastida","unclassified_p__norank_k__Chloroplastida","unclassified_p__norank_k__Chloroplastida","unclassified_p__norank_k__Chloroplastida","unclassified_p__norank_k__Chloroplastida","Eukaryota",1,"Chloroplastida",0.999840326910344,"norank_k__Chloroplastida",0.999840326910344,"Chlorophyceae",0.595221797332274,"norank_c__Chlorophyceae",0.540392970768607,"norank_c__Chlorophyceae",0.540392970768607,"norank_c__Chlorophyceae",0.540392970768607,"Carteria_eugametos",0.302317135740713
"Bin32",0.0196155710016456,"OTU714",0.390891678678243,"Eukaryota","Chloroplastida","norank_k__Chloroplastida","Chlorophyceae","norank_c__Chlorophyceae","norank_c__Chlorophyceae","norank_c__Chlorophyceae","unclassified_g__norank_c__Chlorophyceae","Eukaryota",1,"Chloroplastida",0.823119899802819,"norank_k__Chloroplastida",0.7782554873304,"Chlorophyceae",0.753846273795156,"norank_c__Chlorophyceae",0.753846273795156,"norank_c__Chlorophyceae",0.753846273795156,"norank_c__Chlorophyceae",0.753846273795156,"Klebsormidium_flaccidum",0.00835989501117469
"Bin33",0.00875106729833951,"OTU2291",0.668393934822351,"Eukaryota","Chloroplastida","norank_k__Chloroplastida","Trebouxiophyceae","norank_c__Trebouxiophyceae","norank_c__Trebouxiophyceae","norank_c__Trebouxiophyceae","unclassified_g__norank_c__Trebouxiophyceae","Eukaryota",1,"Chloroplastida",0.999544848857807,"norank_k__Chloroplastida",0.999544848857807,"Trebouxiophyceae",0.994539091011713,"norank_c__Trebouxiophyceae",0.994539091011713,"norank_c__Trebouxiophyceae",0.994539091011713,"norank_c__Trebouxiophyceae",0.994539091011713,"Chloroidium_ellipsoideum",0.0261534707014002
"Bin34",0.00266081000871538,"OTU3848",0.320764611390178,"Eukaryota","norank_d__Eukaryota","SAR_d__Eukaryota","norank_p__SAR_d__Eukaryota","norank_p__SAR_d__Eukaryota","norank_p__SAR_d__Eukaryota","Bicosoeca","uncultured_stramenopile_g__Bicosoeca","Eukaryota",1,"norank_d__Eukaryota",0.772403683483033,"SAR_d__Eukaryota",0.772403683483033,"norank_p__SAR_d__Eukaryota",0.717013018124942,"norank_p__SAR_d__Eukaryota",0.717013018124942,"norank_p__SAR_d__Eukaryota",0.717013018124942,"Bicosoeca",0.715386793696512,"uncultured_stramenopile_g__Bicosoeca",0.320764611390178
"Bin35",0.00503530517598341,"OTU598",0.46239082613636,"Eukaryota","Cryptophyceae","norank_k__Cryptophyceae","norank_k__Cryptophyceae","Cryptomonadales","norank_o__Cryptomonadales","Teleaulax","unclassified_g__Teleaulax","Eukaryota",1,"Cryptophyceae",0.925626140219689,"norank_k__Cryptophyceae",0.925626140219689,"norank_k__Cryptophyceae",0.925626140219689,"Cryptomonadales",0.925626140219689,"norank_o__Cryptomonadales",0.925626140219689,"Teleaulax",0.745753789319639,"uncultured_freshwater_cryptophyte_g__Teleaulax",0.283111505579969
"Bin36",0.00276982950470239,"OTU948",0.571408046826487,"Eukaryota","norank_d__Eukaryota","SAR_d__Eukaryota","Intramacronucleata","Conthreep","Oligohymenophorea","unclassified_f__Oligohymenophorea","unclassified_f__Oligohymenophorea","Eukaryota",1,"norank_d__Eukaryota",0.800952847780874,"SAR_d__Eukaryota",0.784643481736146,"Intramacronucleata",0.60583392540039,"Conthreep",0.60583392540039,"Oligohymenophorea",0.60583392540039,"norank_f__Eugregarinorida",0.0285426020863802,"marine_metagenome_k__Amoebozoa",0.00372044818105285
"Bin37",0.0591593769277012,"OTU665",0.405344221177126,"Eukaryota","Cryptophyceae","norank_k__Cryptophyceae","norank_k__Cryptophyceae","Cryptomonadales","norank_o__Cryptomonadales","Cryptomonas","metagenome_g__Cryptomonas","Eukaryota",1,"Cryptophyceae",0.711586683803515,"norank_k__Cryptophyceae",0.711586683803515,"norank_k__Cryptophyceae",0.711586683803515,"Cryptomonadales",0.711586683803515,"norank_o__Cryptomonadales",0.711586683803515,"Cryptomonas",0.430284766796105,"metagenome_g__Cryptomonas",0.407315817388598
"Bin38",0.0245912984877462,"OTU821",0.364854884571045,"Eukaryota","Cryptophyceae","Kathablepharidae","norank_p__Kathablepharidae","norank_p__Kathablepharidae","norank_p__Kathablepharidae","norank_p__Kathablepharidae","uncultured_Katablepharidaceae","Eukaryota",1,"Cryptophyceae",0.709259097581515,"Kathablepharidae",0.709259097581515,"norank_p__Kathablepharidae",0.709259097581515,"norank_p__Kathablepharidae",0.709259097581515,"norank_p__Kathablepharidae",0.709259097581515,"norank_p__Kathablepharidae",0.709259097581515,"uncultured_Katablepharidaceae",0.708169011042665
"Bin39",0.00233400359232896,"OTU4004",0.812626537144103,"Eukaryota","Fungi","unclassified_k__Fungi","unclassified_k__Fungi","unclassified_k__Fungi","unclassified_k__Fungi","unclassified_k__Fungi","unclassified_k__Fungi","Eukaryota",1,"Fungi",0.990374316268131,"Ascomycota",0.000326569875345245,"Saccharomycetes",0.000326569875345245,"Saccharomycetales",0.000326569875345245,"unclassified_k__Fungi",0.990047746392786,"unclassified_k__Fungi",0.990047746392786,"unclassified_k__Fungi",0.990047746392786
"Bin40",0.0444664209566228,"OTU601",0.950657702244394,"Eukaryota","Animalia","Arthropoda","Maxillopoda","Calanoida","norank_o__Calanoida","norank_o__Calanoida","Sinocalanus_sinensis","Eukaryota",1,"Animalia",0.996137737922596,"Arthropoda",0.996092335853364,"Maxillopoda",0.996092335853364,"Calanoida",0.996044305474849,"norank_o__Calanoida",0.996044305474849,"norank_o__Calanoida",0.996044305474849,"Sinocalanus_sinensis",0.950843135197802
"Bin41",0.0013679735046782,"OTU817",0.855792685421344,"Eukaryota","unclassified_d__Eukaryota","unclassified_d__Eukaryota","unclassified_d__Eukaryota","unclassified_d__Eukaryota","unclassified_d__Eukaryota","unclassified_d__Eukaryota","unclassified_d__Eukaryota","Eukaryota",1,"Fungi",0.0172990630932419,"Cryptomycota",0.000771605554487508,"norank_p__Cryptomycota",0.000771605554487508,"norank_p__Cryptomycota",0.000771605554487508,"norank_p__Cryptomycota",0.000771605554487508,"norank_p__Cryptomycota",0.000771605554487508,"uncultured_Chytridiomycota_p__Cryptomycota",0.000771605554487508
"Bin42",0.00194455842557904,"OTU749",0.721600310281433,"Eukaryota","unclassified_d__Eukaryota","unclassified_d__Eukaryota","unclassified_d__Eukaryota","unclassified_d__Eukaryota","unclassified_d__Eukaryota","unclassified_d__Eukaryota","unclassified_d__Eukaryota","Eukaryota",1,"norank_d__Eukaryota",0.119747954744172,"SAR_d__Eukaryota",0.119747954744172,"norank_p__Cryptomycota",0.00432421469300194,"norank_p__Cryptomycota",0.00432421469300194,"norank_p__Cryptomycota",0.00432421469300194,"norank_p__Cryptomycota",0.00432421469300194,"invertebrate_environmental_sample_p__Cryptomycota",0.00432421469300194
"Bin43",0.00110671149072461,"OTU763",0.43311416253691,"Eukaryota","Fungi","unclassified_k__Fungi","unclassified_k__Fungi","unclassified_k__Fungi","unclassified_k__Fungi","unclassified_k__Fungi","unclassified_k__Fungi","Eukaryota",1,"Fungi",0.815693389010811,"Basidiomycota",0.00479776736944924,"Hydrozoa",0.0011488184268262,"Limnomedusae",0.0011488184268262,"norank_o__Limnomedusae",0.0011488184268262,"norank_o__Limnomedusae",0.0011488184268262,"Craspedacusta_sowerbii",0.0011488184268262
"Bin44",0.00339273207392606,"OTU673",0.243852457613062,"Eukaryota","Discoba","Euglenozoa","Kinetoplastea","Eubodonida","norank_o__Eubodonida","Bodo","unclassified_g__Bodo","Eukaryota",1,"Discoba",0.505361560207848,"Euglenozoa",0.505361560207848,"Kinetoplastea",0.505361560207848,"Chaetothyriales",0.304387263008966,"Trichomeriaceae",0.304387263008966,"Bodo",0.250244918211748,"Knufia_perforans",0.102835810910663
"Bin45",0.000799877747324855,"OTU2365",0.212381185639113,"Eukaryota","Fungi","Ascomycota","Pezizomycetes","Pezizales","Sarcosomataceae","unclassified_f__Sarcosomataceae","unclassified_f__Sarcosomataceae","Eukaryota",1,"Fungi",0.948870561123734,"Ascomycota",0.911192847717555,"Leotiomycetes",0.542902374427951,"Helotiales",0.433101924651088,"Sarcosomataceae",0.212381185639113,"norank_o__Helotiales",0.16045780597753,"Marssonina_brunnea_f._sp._multigermtubi_MB_m1",0.115470565713205
"Bin46",0.0552719398695903,"OTU3871",0.786219314419514,"Eukaryota","Fungi","Ascomycota","Dothideomycetes","Dothideales","Aureobasidiaceae","unclassified_f__Aureobasidiaceae","unclassified_f__Aureobasidiaceae","Eukaryota",1,"Fungi",0.999224463897621,"Ascomycota",0.999188328991595,"Dothideomycetes",0.877271246223411,"Dothideales",0.797948887160714,"Aureobasidiaceae",0.786289226659969,"Cladosporium",0.0743738485604876,"Cladosporium_herbarum",0.0743738485604876
"Bin47",0.0600886178230835,"OTU945",0.858526860034777,"Eukaryota","Fungi","Ascomycota","Eurotiomycetes","Chaetothyriales","Herpotrichiellaceae","Exophiala","Exophiala_oligosperma","Eukaryota",1,"Fungi",0.999975914783293,"Ascomycota",0.999911159751006,"Eurotiomycetes",0.867653286343873,"Chaetothyriales",0.867191090453326,"Herpotrichiellaceae",0.866984469887739,"Exophiala",0.858998287204663,"Exophiala_oligosperma",0.858998287204663
"Bin48",0.0308872914742571,"OTU819",0.671190940846662,"Eukaryota","Chloroplastida","norank_k__Chloroplastida","Chlorodendrophyceae","Chlorodendrales","norank_o__Chlorodendrales","Tetraselmis","unclassified_g__Tetraselmis","Eukaryota",1,"Chloroplastida",0.671281968715179,"norank_k__Chloroplastida",0.671281968715179,"Chlorodendrophyceae",0.671281968715179,"Chlorodendrales",0.671281968715179,"norank_o__Chlorodendrales",0.671281968715179,"Tetraselmis",0.671281968715179,"Mortierella_alpina",0.156979390332736
"Bin49",0.000893855864935583,"OTU2321",0.315807929464464,"Eukaryota","Fungi","unclassified_k__Fungi","unclassified_k__Fungi","unclassified_k__Fungi","unclassified_k__Fungi","unclassified_k__Fungi","unclassified_k__Fungi","Eukaryota",1,"Fungi",0.825853573380436,"Cryptomycota",0.330208670489522,"norank_p__Cryptomycota",0.330208670489522,"norank_p__Cryptomycota",0.330208670489522,"norank_p__Cryptomycota",0.330208670489522,"norank_p__Cryptomycota",0.330208670489522,"uncultured_rhizosphere_zygomycete",0.310993928291866
"Bin50",0.017839479973981,"OTU3951",0.910690713593364,"Eukaryota","unclassified_d__Eukaryota","unclassified_d__Eukaryota","unclassified_d__Eukaryota","unclassified_d__Eukaryota","unclassified_d__Eukaryota","unclassified_d__Eukaryota","unclassified_d__Eukaryota","Eukaryota",1,"Fungi",0.0537077926684253,"Chytridiomycota",0.00053123529282066,"norank_p__Chytridiomycota",0.00053123529282066,"norank_p__Chytridiomycota",0.00053123529282066,"norank_p__Chytridiomycota",0.00053123529282066,"norank_p__Chytridiomycota",0.00053123529282066,"Catenomyces_persicinus",0.000108526491446519
"Bin51",0.00555017960830053,"OTU3606",0.715816423020675,"Eukaryota","Fungi","Cryptomycota","norank_p__Cryptomycota","norank_p__Cryptomycota","norank_p__Cryptomycota","norank_p__Cryptomycota","invertebrate_environmental_sample_p__Cryptomycota","Eukaryota",1,"Fungi",0.999227284607359,"Cryptomycota",0.715816423020675,"norank_p__Cryptomycota",0.715816423020675,"norank_p__Cryptomycota",0.715816423020675,"norank_p__Cryptomycota",0.715816423020675,"norank_p__Cryptomycota",0.715816423020675,"invertebrate_environmental_sample_p__Cryptomycota",0.715816423020675
"Bin52",0.0144539426541331,"OTU606",0.741177939100434,"Eukaryota","Fungi","Chytridiomycota","norank_p__Chytridiomycota","norank_p__Chytridiomycota","norank_p__Chytridiomycota","norank_p__Chytridiomycota","unclassified_g__norank_p__Chytridiomycota","Eukaryota",1,"Fungi",0.999881938002241,"Chytridiomycota",0.944223735722726,"norank_p__Chytridiomycota",0.944223735722726,"norank_p__Chytridiomycota",0.944223735722726,"norank_p__Chytridiomycota",0.944223735722726,"norank_p__Chytridiomycota",0.944223735722726,"Zygorhizidium_aff._melosirae_KS-2016",0.000152233184353346
"Bin53",0.000333119069360974,"OTU784",0.306965453981454,"Eukaryota","Fungi","unclassified_k__Fungi","unclassified_k__Fungi","unclassified_k__Fungi","unclassified_k__Fungi","unclassified_k__Fungi","unclassified_k__Fungi","Eukaryota",1,"Fungi",0.835698518309803,"Mucoromycota",0.290712839164589,"norank_p__Mucoromycota",0.290712839164589,"norank_p__Mucoromycota",0.290712839164589,"norank_p__Mucoromycota",0.290712839164589,"norank_p__Mucoromycota",0.290712839164589,"Umbelopsis_nana",0.243209260647271
"Bin54",0.00661753870221231,"OTU3590",0.913457403478476,"Eukaryota","Fungi","unclassified_k__Fungi","unclassified_k__Fungi","unclassified_k__Fungi","unclassified_k__Fungi","unclassified_k__Fungi","unclassified_k__Fungi","Eukaryota",1,"Fungi",0.9909381559911,"LKM15",0.0635776110197213,"norank_p__LKM15",0.0635776110197213,"norank_p__LKM15",0.0635776110197213,"norank_p__LKM15",0.0635776110197213,"norank_p__LKM15",0.0635776110197213,"Mitosporidium_daphniae",0.00230294687186248
"Bin55",0.000145689633725325,"OTU1520",0.112826971443685,"Eukaryota","unclassified_d__Eukaryota","unclassified_d__Eukaryota","unclassified_d__Eukaryota","unclassified_d__Eukaryota","unclassified_d__Eukaryota","unclassified_d__Eukaryota","unclassified_d__Eukaryota","Eukaryota",1,"Fungi",0.370222161362889,"LKM15",0.19872784593196,"norank_p__LKM15",0.19872784593196,"norank_p__LKM15",0.19872784593196,"norank_p__LKM15",0.19872784593196,"norank_p__LKM15",0.19872784593196,"uncultured_eukaryote_p__LKM15",0.187533220313002
"Bin56",0.00180947864143178,"OTU2384",0.500374882077829,"Eukaryota","Fungi","Cryptomycota","norank_p__Cryptomycota","norank_p__Cryptomycota","norank_p__Cryptomycota","norank_p__Cryptomycota","uncultured_alveolate_p__Cryptomycota","Eukaryota",1,"Fungi",0.833620586830833,"Cryptomycota",0.501496437732054,"norank_p__Cryptomycota",0.501496437732054,"norank_p__Cryptomycota",0.501496437732054,"norank_p__Cryptomycota",0.501496437732054,"norank_p__Cryptomycota",0.501496437732054,"uncultured_alveolate_p__Cryptomycota",0.500374882077829
"Bin57",0.0110092285742515,"OTU793",0.990994898114596,"Eukaryota","Fungi","Basidiomycota","Ustilaginomycetes","Ustilaginales","Ustilaginaceae","unclassified_f__Ustilaginaceae","unclassified_f__Ustilaginaceae","Eukaryota",1,"Fungi",0.995315902733369,"Basidiomycota",0.99419363496444,"Ustilaginomycetes",0.99419363496444,"Ustilaginales",0.99419363496444,"Ustilaginaceae",0.99419363496444,"norank_o__Hemiptera",0.000414949042610467,"Aphis_citricidus_brown_citrus_aphid",0.000414949042610467
"Bin58",0.000331738760907252,"OTU3935",0.634199874485793,"Eukaryota","unclassified_d__Eukaryota","unclassified_d__Eukaryota","unclassified_d__Eukaryota","unclassified_d__Eukaryota","unclassified_d__Eukaryota","unclassified_d__Eukaryota","unclassified_d__Eukaryota","Eukaryota",1,"norank_d__Eukaryota",0.205080465617309,"SAR_d__Eukaryota",0.188901882315485,"Cercomonadidae",0.188901882315485,"norank_c__Cercomonadidae",0.188901882315485,"norank_c__Cercomonadidae",0.188901882315485,"Cercomonas",0.0969804834652573,"Cercomonas_longicauda",0.0969804834652573
"Bin59",0.000647143864331327,"OTU2429",0.279422087532073,"Eukaryota","Fungi","Ascomycota","Saccharomycetes","Saccharomycetales","Phaffomycetaceae","Barnettozyma-Candida_clade","Barnettozyma_californica","Eukaryota",1,"Fungi",0.988887307764576,"Ascomycota",0.726397881296087,"Saccharomycetes",0.72055267994308,"Saccharomycetales",0.72055267994308,"Phaffomycetaceae",0.330814429342717,"Barnettozyma-Candida_clade",0.283347946911525,"Barnettozyma_californica",0.279422087532073
"Bin60",0.0046650253797562,"OTU2815",0.953365801668049,"Eukaryota","unclassified_d__Eukaryota","unclassified_d__Eukaryota","unclassified_d__Eukaryota","unclassified_d__Eukaryota","unclassified_d__Eukaryota","unclassified_d__Eukaryota","unclassified_d__Eukaryota","Eukaryota",1,"norank_d__Eukaryota",0.00185932164961316,"SAR_d__Eukaryota",0.00185932164961316,"Cercomonadidae",0.00135715544859971,"norank_c__Cercomonadidae",0.00135715544859971,"norank_c__Cercomonadidae",0.00135715544859971,"Cercomonas",0.00135715544859971,"Cercozoa_sp._ATCC_50407",0.00135715544859971
"Bin61",0.000207841785958759,"OTU2945",0.642727357725693,"Eukaryota","Animalia","Bryozoa","Gymnolaemata","unclassified_c__Gymnolaemata","unclassified_c__Gymnolaemata","unclassified_c__Gymnolaemata","unclassified_c__Gymnolaemata","Eukaryota",1,"Animalia",0.688959146927658,"Bryozoa",0.642727357725693,"Gymnolaemata",0.642727357725693,"Rhabdocoela",0.00769828482759393,"norank_o__Rhabdocoela",0.00769828482759393,"norank_o__Rhabdocoela",0.00769828482759393,"Gyratrix_hermaphroditus",0.00769828482759393
"Bin62",0.0599685737449681,"OTU928",0.614609955169427,"Eukaryota","Fungi","Mucoromycota","norank_p__Mucoromycota","norank_p__Mucoromycota","norank_p__Mucoromycota","norank_p__Mucoromycota","Mucor_racemosus","Eukaryota",1,"Fungi",0.717885944781267,"Mucoromycota",0.717861104469342,"norank_p__Mucoromycota",0.717861104469342,"norank_p__Mucoromycota",0.717861104469342,"norank_p__Mucoromycota",0.717861104469342,"norank_p__Mucoromycota",0.717861104469342,"Mucor_racemosus",0.614609955169427
"Bin63",0.000508949872427956,"OTU712",0.449269619134517,"Eukaryota","unclassified_d__Eukaryota","unclassified_d__Eukaryota","unclassified_d__Eukaryota","unclassified_d__Eukaryota","unclassified_d__Eukaryota","unclassified_d__Eukaryota","unclassified_d__Eukaryota","Eukaryota",1,"norank_d__Eukaryota",0.0933611754703642,"SAR_d__Eukaryota",0.0933611754703642,"Phytomyxea",0.0896140169899246,"norank_c__Phytomyxea",0.0896140169899246,"norank_c__Phytomyxea",0.0896140169899246,"norank_c__Phytomyxea",0.0396475733183601,"uncultured_eukaryote_c__Phytomyxea",0.0298524456747483
"Bin64",0.000353194100199815,"OTU3504",0.148407692559473,"Eukaryota","Discoba","Euglenozoa","Diplonemea","norank_c__Diplonemea","norank_c__Diplonemea","unclassified_f__norank_c__Diplonemea","unclassified_f__norank_c__Diplonemea","Eukaryota",1,"Discoba",0.546592849598384,"Euglenozoa",0.538906654562594,"Diplonemea",0.229471029051382,"norank_c__Diplonemea",0.229471029051382,"norank_c__Diplonemea",0.229471029051382,"Ichthyobodo",0.140225865622731,"uncultured_eukaryote_g__Ichthyobodo",0.0273653727053565
"Bin65",0.0166959050949826,"OTU605",0.727888822395662,"Eukaryota","Fungi","Basidiomycota","Tremellomycetes","Filobasidiales","Filobasidiaceae","Naganishia","Naganishia_vishniacii","Eukaryota",1,"Fungi",0.954893303900595,"Basidiomycota",0.944437266140173,"Tremellomycetes",0.884851929859645,"Filobasidiales",0.733917576147839,"Filobasidiaceae",0.733650568387311,"Naganishia",0.73139447869915,"Naganishia_vishniacii",0.727888822395662
"Bin66",0.00291998157241808,"OTU3587",0.489996490450329,"Eukaryota","Fungi","Basidiomycota","Cystobasidiomycetes","norank_c__Cystobasidiomycetes","norank_c__Cystobasidiomycetes","norank_c__Cystobasidiomycetes","unclassified_g__norank_c__Cystobasidiomycetes","Eukaryota",1,"Fungi",0.997971236509396,"Basidiomycota",0.996468117578214,"Cystobasidiomycetes",0.489996490450329,"norank_c__Cystobasidiomycetes",0.489996490450329,"norank_c__Cystobasidiomycetes",0.489996490450329,"norank_c__Cystobasidiomycetes",0.489996490450329,"Phallus_hadriani",0.0516914568260836
"Bin67",0.0280130328434446,"OTU3978",0.335938290253577,"Eukaryota","Fungi","Basidiomycota","Cystobasidiomycetes","unclassified_c__Cystobasidiomycetes","unclassified_c__Cystobasidiomycetes","unclassified_c__Cystobasidiomycetes","unclassified_c__Cystobasidiomycetes","Eukaryota",1,"Fungi",0.987591490686926,"Basidiomycota",0.985978746163371,"Microbotryomycetes",0.526881171531889,"Leucosporidiales",0.304823023145298,"Leucosporidiaceae",0.304823023145298,"Leucosporidium",0.304823023145298,"Leucosporidium_scottii",0.304823023145298
"Bin68",0.00977826685685171,"OTU3865",0.249337244933887,"Eukaryota","norank_d__Eukaryota","norank_d__Eukaryota","Choanoflagellida","norank_c__Choanoflagellida","norank_c__Choanoflagellida","norank_c__Choanoflagellida","unclassified_g__norank_c__Choanoflagellida","Eukaryota",1,"norank_d__Eukaryota",0.528285993661101,"norank_d__Eukaryota",0.452775084048996,"Choanoflagellida",0.442210116366403,"norank_c__Choanoflagellida",0.430639912516099,"norank_c__Choanoflagellida",0.39353664033935,"norank_c__Choanoflagellida",0.39353664033935,"uncultured_freshwater_eukaryote_c__Choanoflagellida",0.087791702353056
"Bin69",0.000454945453005891,"OTU711",0.50686496592966,"Eukaryota","norank_d__Eukaryota","SAR_d__Eukaryota","Thecofilosea","unclassified_c__Thecofilosea","unclassified_c__Thecofilosea","unclassified_c__Thecofilosea","unclassified_c__Thecofilosea","Eukaryota",1,"norank_d__Eukaryota",0.581950331629851,"SAR_d__Eukaryota",0.581950331629851,"Thecofilosea",0.50686496592966,"norank_c__Imbricatea",0.0493275491322232,"Thaumatomonadida",0.0493275491322232,"Gyromitus",0.0493275491322232,"Peregrinia_clavideferens",0.0397879587323694
"Bin70",0.0303401805769357,"OTU761",0.584175342545127,"Eukaryota","unclassified_d__Eukaryota","unclassified_d__Eukaryota","unclassified_d__Eukaryota","unclassified_d__Eukaryota","unclassified_d__Eukaryota","unclassified_d__Eukaryota","unclassified_d__Eukaryota","Eukaryota",1,"norank_d__Eukaryota",0.10533660913297,"SAR_d__Eukaryota",0.0900589081461049,"Thecofilosea",0.082067594854655,"Cryomonadida",0.065163419809595,"Rhizaspididae",0.0645520006158967,"Rhogostoma",0.0645520006158967,"Bosmina_longirostris_o__Diplostraca",0.0244807910620159
"Bin71",0.00145821848932923,"OTU2409",0.345839515678146,"Eukaryota","norank_d__Eukaryota","SAR_d__Eukaryota","Clathrulinidae","norank_c__Clathrulinidae","norank_c__Clathrulinidae","Hedriocystis","uncultured_eukaryote_g__Hedriocystis","Eukaryota",1,"norank_d__Eukaryota",0.513008603176184,"SAR_d__Eukaryota",0.513008603176184,"Clathrulinidae",0.345839515678146,"norank_c__Clathrulinidae",0.345839515678146,"norank_c__Clathrulinidae",0.345839515678146,"Hedriocystis",0.345839515678146,"uncultured_eukaryote_g__Hedriocystis",0.345839515678146
"Bin72",0.000529239085894406,"OTU883",0.353688282835783,"Eukaryota","norank_d__Eukaryota","SAR_d__Eukaryota","norank_p__SAR_d__Eukaryota","norank_p__SAR_d__Eukaryota","norank_p__SAR_d__Eukaryota","norank_p__SAR_d__Eukaryota","uncultured_freshwater_cercozoan_p__SAR_d__Eukaryota","Eukaryota",1,"norank_d__Eukaryota",0.835757429253703,"SAR_d__Eukaryota",0.810806917934949,"norank_p__SAR_d__Eukaryota",0.536813965333643,"norank_p__SAR_d__Eukaryota",0.536813965333643,"norank_p__SAR_d__Eukaryota",0.536813965333643,"norank_p__SAR_d__Eukaryota",0.536813965333643,"uncultured_freshwater_cercozoan_p__SAR_d__Eukaryota",0.353688282835783
"Bin73",0.0202735913006513,"OTU707",0.362233924429473,"Eukaryota","norank_d__Eukaryota","SAR_d__Eukaryota","Novel_Clade_2","norank_c__Novel_Clade_2","norank_c__Novel_Clade_2","norank_c__Novel_Clade_2","uncultured_freshwater_cercozoan_c__Novel_Clade_2","Eukaryota",1,"norank_d__Eukaryota",0.595285666583765,"SAR_d__Eukaryota",0.595285666583765,"Novel_Clade_2",0.474583723546206,"norank_c__Novel_Clade_2",0.474583723546206,"norank_c__Novel_Clade_2",0.474583723546206,"norank_c__Novel_Clade_2",0.474583723546206,"uncultured_freshwater_cercozoan_c__Novel_Clade_2",0.366596025644861
"Bin74",0.00624083594097524,"OTU2450",0.522746409631572,"Eukaryota","unclassified_d__Eukaryota","unclassified_d__Eukaryota","unclassified_d__Eukaryota","unclassified_d__Eukaryota","unclassified_d__Eukaryota","unclassified_d__Eukaryota","unclassified_d__Eukaryota","Eukaryota",1,"norank_d__Eukaryota",0.24233983310902,"SAR_d__Eukaryota",0.24233983310902,"Imbricatea",0.0124751163599145,"norank_c__Imbricatea",0.0124751163599145,"Euglyphida",0.0117509817954207,"norank_f__Euglyphida",0.00629777901166067,"metagenome_f__Euglyphida",0.00534268654840946
"Bin75",0.000278869302948323,"OTU3676",0.204891323280392,"Eukaryota","norank_d__Eukaryota","SAR_d__Eukaryota","norank_p__SAR_d__Eukaryota","norank_p__SAR_d__Eukaryota","norank_p__SAR_d__Eukaryota","norank_p__SAR_d__Eukaryota","uncultured_Eimeriidae_p__SAR_d__Eukaryota","Eukaryota",1,"norank_d__Eukaryota",0.936266242032349,"SAR_d__Eukaryota",0.936266242032349,"Glissomonadida",0.311381724506023,"norank_c__Glissomonadida",0.311381724506023,"norank_c__Glissomonadida",0.311381724506023,"norank_p__SAR_d__Eukaryota",0.210157823887614,"uncultured_Eimeriidae_p__SAR_d__Eukaryota",0.204891323280392
"Bin76",0.00133108108040404,"OTU2428",0.347954952732398,"Eukaryota","unclassified_d__Eukaryota","unclassified_d__Eukaryota","unclassified_d__Eukaryota","unclassified_d__Eukaryota","unclassified_d__Eukaryota","unclassified_d__Eukaryota","unclassified_d__Eukaryota","Eukaryota",1,"norank_d__Eukaryota",0.29690522422303,"SAR_d__Eukaryota",0.29690522422303,"Cercomonadidae",0.197104255799153,"norank_c__Cercomonadidae",0.197104255799153,"norank_c__Cercomonadidae",0.197104255799153,"Cercomonas",0.119935069555183,"Eocercomonas_sp._HFCC_907",0.0473373889336378
"Bin77",0.0112797718599891,"OTU3911",0.871979097723777,"Eukaryota","Fungi","Blastocladiomycota","norank_p__Blastocladiomycota","norank_p__Blastocladiomycota","norank_p__Blastocladiomycota","norank_p__Blastocladiomycota","unclassified_g__norank_p__Blastocladiomycota","Eukaryota",1,"Fungi",0.976531130082461,"Blastocladiomycota",0.95857010284179,"norank_p__Blastocladiomycota",0.95857010284179,"norank_p__Blastocladiomycota",0.95857010284179,"norank_p__Blastocladiomycota",0.95857010284179,"norank_p__Blastocladiomycota",0.95857010284179,"Absidia_glauca",0.0174333510179574
"Bin78",0.000286825716943356,"OTU3674",0.38194607207465,"Eukaryota","norank_d__Eukaryota","SAR_d__Eukaryota","Glissomonadida","norank_c__Glissomonadida","norank_c__Glissomonadida","norank_c__Glissomonadida","uncultured_Cercozoa_c__Glissomonadida","Eukaryota",1,"norank_d__Eukaryota",0.85457653840094,"SAR_d__Eukaryota",0.85457653840094,"Glissomonadida",0.732890414879976,"norank_c__Glissomonadida",0.732890414879976,"norank_c__Glissomonadida",0.732890414879976,"norank_c__Glissomonadida",0.481811146243261,"uncultured_Cercozoa_c__Glissomonadida",0.390149132345767
